post_id	post_name	status	price_from	price_to
4327	villa-monte-cristo	draft	4088	8709
4067	villa-km2	publish	3608	8148
4001	villa-patxi	draft	4038	7272
3870	villa-tinto	draft	1755	3900
3174	villa-alexa	publish	3117	7039
3524	villa-can-vicente	publish	3221	7429
3385	villa-los-olivos	private	1833	4233
3322	villa-tunicu	publish	2702	5658
3223	villa-ania	draft	2936	5549
3186	villa-bella-vista	publish	3718	8182
3155	villa-pep-luis-can-pep-mortera	publish	3202	7225
3131	villa-saroca	draft	2690	6200
3091	villa-alberto	private	2549	6892
3054	villa-garcia	draft	2925	7605
3007	casa-galop	private	2035	5952
2966	villa-paquita	draft	2549	6892
2929	casa-carolle	private	2854	7715
2894	villa-tom	publish	2439	6691
2818	villa-nieves	publish	3608	9240
2782	villa-daniel	publish	3456	10995
4435	villa-torres	publish	3244	8766
4473	private-villa-rental-with-security	draft	5445	10285
2751	villa-maria	private	3049	9679
4732	casa-maymo	draft	8050	11500
4771	can-reiet-beautiful-traditional-villa-in-ibiza	draft	2452	5576
4790	villa-david-can-tastem	draft	1990	4565
5092	casa-caleta	draft	1952	4177
5365	casa-josie	draft	1952	4177
5610	ibiza-villa-rental-north	private	3960	6435
6434	villa-can-marc	draft	1755	3900
6629	villa-louisa	draft	1912	5263
6901	villa-oasis	private	3460	7650
6974	casa-can-cortes	draft	1990	4392
6998	villa-savines	publish	6022	15542
7076	villa-jesus	draft	1960	4887
7137	villa-evie	private	1847	6125
7174	the-bali-house	draft	1975	4655
7506	can-stella	draft	7350	11550
9012	villa-george-san-jordi	draft	1800	6000
9082	villa-tegui	publish	4300	9496
9129	villa-omni	draft	14028	2875
9252	can-xocolata	draft	1890	4200
9792	reyo-de-sol	draft	3225	6203
9998	can-mestre	draft	3635	9811
10330	villa-mestre	draft	2000000	
10838	large-ibiza-villa-rental-close-to-ibiza-town-and-playa-den-bossa	draft	2549	6892
10903	villa-for-sale-with-tourist-licence	private	1400000	1400000
10920	villa-in-ibiza-with-a-private-pool-close-to-blue-marlin	draft	2032	4183
11056	large-ibiza-villa-walking-distance-to-the-beach	draft	4000	14000
11234	freds-finca-authentic-ibiza-hostal-albergue-yoga-retreat	private	40	380
11400	11234-revision-v1	inherit	40	380
11401	11234-revision-v1	inherit	40	380
11414	11234-revision-v1	inherit	40	380
11415	11234-revision-v1	inherit	40	380
11417	11234-revision-v1	inherit	40	380
11426	11234-revision-v1	inherit	40	380
11431	11234-revision-v1	inherit	40	380
11454	11234-revision-v1	inherit	40	380
11455	11234-revision-v1	inherit	40	380
11460	11234-revision-v1	inherit	40	380
11527	11234-revision-v1	inherit	40	380
11528	11234-revision-v1	inherit	40	380
11531	11234-revision-v1	inherit	40	380
11533	11234-revision-v1	inherit	40	380
11534	11234-revision-v1	inherit	40	380
11536	11234-revision-v1	inherit	40	380
11541	11234-revision-v1	inherit	40	380
11559	11234-revision-v1	inherit	40	380
11561	11234-revision-v1	inherit	40	380
11562	11234-revision-v1	inherit	40	380
11564	11234-revision-v1	inherit	40	380
11576	10920-revision-v1	inherit	1430	3300
11584	4771-revision-v1	inherit	2054	4324
11585	4771-revision-v1	inherit	2054	4324
11586	4771-revision-v1	inherit	2054	4324
11589	11234-revision-v1	inherit	40	380
11590	11234-revision-v1	inherit	40	380
11597	11234-revision-v1	inherit	40	380
11603	11234-revision-v1	inherit	40	380
11617	11234-revision-v1	inherit	40	380
11668	11234-revision-v1	inherit	40	380
11669	11234-revision-v1	inherit	40	380
11671	11234-revision-v1	inherit	40	380
11672	11234-revision-v1	inherit	40	380
11673	11234-revision-v1	inherit	40	380
11674	11234-revision-v1	inherit	40	380
11675	11234-revision-v1	inherit	40	380
11676	11234-revision-v1	inherit	40	380
11677	11234-revision-v1	inherit	40	380
11678	11234-revision-v1	inherit	40	380
11705	11234-revision-v1	inherit	40	380
11709	11234-revision-v1	inherit	40	380
11720	11234-revision-v1	inherit	40	380
11723	11234-revision-v1	inherit	40	380
11724	11234-revision-v1	inherit	40	380
11726	11234-revision-v1	inherit	40	380
11728	11234-revision-v1	inherit	40	380
11730	11234-revision-v1	inherit	40	380
11731	11234-revision-v1	inherit	40	380
11735	9129-revision-v1	inherit	10925	25687
11739	2894-revision-v1	inherit	1912	5263
11740	2894-revision-v1	inherit	1912	5263
11757	10838-revision-v1	inherit	2549	6892
11761	10838-revision-v1	inherit	2549	6892
11763	2782-revision-v1	inherit	2724	8646
11766	2894-revision-v1	inherit	1912	5263
11767	3322-revision-v1	inherit	1700	4178
11768	2751-revision-v1	inherit	2724	8646
11770	2929-revision-v1	inherit	2124	7142
11773	2818-revision-v1	inherit	2724	7268
11776	2966-revision-v1	inherit	2549	6892
11777	4001-revision-v1	inherit	3607	6496
11781	4771-revision-v1	inherit	2054	4324
11782	2751-revision-v1	inherit	2724	8646
11786	4435-revision-v1	inherit	2724	7046
11798	3091-revision-v1	inherit	2549	6892
11821	3524-revision-v1	inherit	1633	4466
11822	3524-revision-v1	inherit	1633	4466
11826	10920-revision-v1	inherit	1430	3300
11834	2751-revision-v1	inherit	2724	8646
11835	2751-revision-v1	inherit	2724	8646
11836	2751-revision-v1	inherit	2724	8646
11837	2751-revision-v1	inherit	2724	8646
11838	2751-revision-v1	inherit	2724	8646
11861	6998-revision-v1	inherit	4734	12226
11907	10920-revision-v1	inherit	1430	3800
11909	10920-revision-v1	inherit	1430	3800
12402	2929-revision-v1	inherit	2550	6891
12403	4771-revision-v1	inherit	2515	4855
12404	4435-revision-v1	inherit	2550	6891
12405	10920-revision-v1	inherit	1463	3510
12406	3322-revision-v1	inherit	1872	4446
12407	3524-revision-v1	inherit	1989	4797
12442	4435-revision-v1	inherit	2550	6891
12445	4435-revision-v1	inherit	2550	6891
12467	6998-revision-v1	inherit	4734	12226
12468	6998-revision-v1	inherit	4734	12226
12471	11056-revision-v1	inherit	4000	14000
12474	11056-revision-v1	inherit	4000	14000
12475	10838-revision-v1	inherit	2549	6892
12476	10838-revision-v1	inherit	2549	6892
12477	10838-revision-v1	inherit	2549	6892
12478	4473-revision-v1	inherit	5792	
12483	9998-revision-v1	inherit	3133	8485
12484	9998-revision-v1	inherit	3133	8485
12485	9998-revision-v1	inherit	3133	8485
12486	9998-revision-v1	inherit	3133	8485
12487	9998-revision-v1	inherit	3133	8485
12488	9998-revision-v1	inherit	3133	8485
12489	9998-revision-v1	inherit	3133	8485
12490	9998-revision-v1	inherit	3133	8485
12491	9998-revision-v1	inherit	3133	8485
12492	9998-revision-v1	inherit	3133	8485
12493	6998-revision-v1	inherit	4734	12226
12496	6998-revision-v1	inherit	4734	12226
12497	6998-revision-v1	inherit	4734	12226
12498	3322-revision-v1	inherit	1872	4446
12500	4771-revision-v1	inherit	2515	4855
12502	4001-revision-v1	inherit	3607	6496
12504	3091-revision-v1	inherit	2549	6892
12505	9998-revision-v1	inherit	3133	8485
12506	2751-revision-v1	inherit	2724	8646
12507	2782-revision-v1	inherit	2724	8646
12508	4435-revision-v1	inherit	2550	6891
12509	2818-revision-v1	inherit	2724	7268
12510	4327-revision-v1	inherit	4088	8709
12570	3322-revision-v1	inherit	1872	4446
12571	3322-revision-v1	inherit	1872	4446
12572	3322-revision-v1	inherit	1872	4446
12573	3322-revision-v1	inherit	1872	4446
12579	12511-autosave-v1	inherit	1945	5352
12608	4771-revision-v1	inherit	2515	4855
12610	4771-revision-v1	inherit	2515	4855
12611	4771-revision-v1	inherit	2515	4855
12613	4473-revision-v1	inherit	8925	9460
12615	4473-revision-v1	inherit	8925	9996
12617	4473-revision-v1	inherit	8925	9996
12648	6998-revision-v1	inherit	4734	12226
12651	4067-revision-v1	inherit	2590	5763
12719	6998-revision-v1	inherit	4734	12226
12720	6998-revision-v1	inherit	4734	12226
12733	4435-revision-v1	inherit	2550	6891
12748	4067-revision-v1	inherit	2590	5763
12749	4067-revision-v1	inherit	2590	5763
12770	9998-revision-v1	inherit	3133	8485
12838	9082-revision-v1	inherit	2506	6140
12842	9082-revision-v1	inherit	2506	6140
12843	9082-revision-v1	inherit	2506	6140
12857	3174-revision-v1	inherit	2835	6767
12859	3174-revision-v1	inherit	2835	6767
12902	2894-revision-v1	inherit	1912	5263
12904	2894-revision-v1	inherit	1912	5263
12908	3322-revision-v1	inherit	1872	4446
12909	3322-revision-v1	inherit	1872	4446
12911	4067-revision-v1	inherit	2590	5763
12913	9082-revision-v1	inherit	2506	6140
12914	3524-revision-v1	inherit	1989	4797
12915	3524-autosave-v1	inherit	1989	4797
12916	3524-revision-v1	inherit	1989	4797
12918	3155-revision-v1	inherit	2549	5666
12920	4771-revision-v1	inherit	2515	4855
12922	3174-revision-v1	inherit	2835	6767
12924	2929-revision-v1	inherit	2550	6891
12926	2782-revision-v1	inherit	2724	8646
12928	6998-revision-v1	inherit	4734	12226
12930	4435-revision-v1	inherit	2550	6891
12932	2818-revision-v1	inherit	2724	7268
12992	2751-revision-v1	inherit	2724	8646
13006	3155-revision-v1	inherit	2549	5666
13009	2818-revision-v1	inherit	2724	7268
13014	3870-revision-v1	inherit	1755	3900
13024	3174-revision-v1	inherit	2835	6767
13028	9082-revision-v1	inherit	2506	6140
13030	6998-revision-v1	inherit	4734	12226
13038	4435-revision-v1	inherit	2550	6891
13041	4732-revision-v1	inherit	3688	8775
13043	7076-revision-v1	inherit	1960	4887
13045	6629-revision-v1	inherit	1912	5263
13048	3223-revision-v1	inherit	2936	5549
13049	7174-revision-v1	inherit	1975	4655
13052	3054-revision-v1	inherit	2925	7605
13055	5092-revision-v1	inherit	1952	4177
13057	2966-revision-v1	inherit	2549	6892
13063	3131-revision-v1	inherit	2690	6200
13066	4771-revision-v1	inherit	2515	4855
13068	2929-revision-v1	inherit	2550	6891
13075	7076-autosave-v1	inherit	1960	4887
13076	9792-revision-v1	inherit	3225	6203
13078	9252-revision-v1	inherit	1890	4200
13079	9012-revision-v1	inherit	1800	6000
13080	7506-revision-v1	inherit	7350	11550
13081	6901-revision-v1	inherit	3460	7650
13082	6629-autosave-v1	inherit	1912	5263
13083	3223-autosave-v1	inherit	2936	5549
13084	4790-revision-v1	inherit	1990	4565
13086	5365-revision-v1	inherit	1952	4177
13087	6974-revision-v1	inherit	1990	4392
13088	3054-autosave-v1	inherit	2925	7605
13089	6434-revision-v1	inherit	1755	3900
13093	9082-revision-v1	inherit	2506	6140
13094	9082-revision-v1	inherit	2506	6140
13105	ibiza-villa-with-beautiful-sea-views	draft	2620	5895
13111	13105-revision-v1	inherit	2240	5040
13186	9129-revision-v1	inherit	10925	25687
13187	9129-autosave-v1	inherit	10925	25687
13188	9129-revision-v1	inherit	10925	25687
13190	9129-revision-v1	inherit	10925	25687
13208	10903-revision-v1	inherit	1600000	1650000
13224	3186-autosave-v1	inherit	2240	6160
13232	13105-revision-v1	inherit	2240	5040
13237	10903-revision-v1	inherit	1600000	1650000
13239	2751-revision-v1	inherit	2724	8646
13241	2751-revision-v1	inherit	2724	8646
13242	13105-revision-v1	inherit	2240	5040
13243	9082-revision-v1	inherit	2506	6140
13250	2894-revision-v1	inherit	1912	5263
13272	2751-revision-v1	inherit	2747	9310
13284	2894-revision-v1	inherit	1912	5263
13288	10920-revision-v1	inherit	1463	3510
13304	3186-revision-v1	inherit	2240	6160
13346	casa-buscastell	draft	3500000	3500000
13349	jade-apartments	draft	975000	975000
13350	13349-revision-v1	inherit	2	2
13351	casa-mar	draft	1500000	1500000
13352	13351-revision-v1	inherit	2	2
13356	casa-balinesa-2	private	900000	900000
13359	13346-revision-v1	inherit	3500000	3500000
13385	13346-revision-v1	inherit	3500000	3500000
13397	13349-revision-v1	inherit	2	2
13398	13349-revision-v1	inherit	975000	975000
13399	13349-revision-v1	inherit	975000	975000
13400	13351-revision-v1	inherit	1500000	1500000
13401	13346-revision-v1	inherit	3500000	3500000
13420	13351-revision-v1	inherit	1500000	1500000
13435	13356-revision-v1	inherit	900000	900000
13436	casa-deborah	draft	750000	750000
13454	13436-revision-v1	inherit	750000	750000
13456	13346-revision-v1	inherit	3500000	3500000
13457	13351-revision-v1	inherit	1500000	1500000
13458	13356-revision-v1	inherit	900000	900000
13459	13356-revision-v1	inherit	900000	900000
13460	13436-revision-v1	inherit	750000	750000
13461	13436-revision-v1	inherit	750000	750000
13494	title-sep-ibiza-villas-for-sale-page-sep-sitename	draft	1500000	1500000
13495	13494-revision-v1	inherit	1500000	1500000
13496	13494-revision-v1	inherit	1500000	1500000
13497	casa-rosella	draft	1075000	1075000
13498	13497-revision-v1	inherit	1075000	1075000
13499	13497-revision-v1	inherit	1075000	1075000
13500	cana-michel	draft	2900000	2900000
13520	13500-revision-v1	inherit	2900000	2900000
13521	13500-revision-v1	inherit	2900000	2900000
13523	the-towners	draft	2170000	2170000
13524	13523-revision-v1	inherit	2170000	2170000
13546	13523-revision-v1	inherit	2170000	2170000
13547	13523-revision-v1	inherit	2170000	2170000
13548	13500-revision-v1	inherit	2900000	2900000
13549	villa-baougain	draft	2700000	2700000
13525	13523-autosave-v1	inherit	2170000	2170000
13550	13549-revision-v1	inherit	2170000	2170000
13551	13549-revision-v1	inherit	2170000	2170000
13577	13549-revision-v1	inherit	2700000	2700000
13578	villa-delight	draft	1850000	1850000
13595	13549-revision-v1	inherit	2700000	2700000
13596	13578-revision-v1	inherit	1850000	1850000
13597	13578-revision-v1	inherit	1850000	1850000
13598	casa-sagramassa	draft	1750000	1750000
13599	13598-revision-v1	inherit	1750000	1750000
13623	13598-revision-v1	inherit	1750000	1750000
13624	villa-isabelle	draft	2930000	2930000
13625	13624-revision-v1	inherit	1750000	1750000
13644	13624-revision-v1	inherit	2930000	2930000
13645	green-for-sur	draft	699000	699000
13658	13645-revision-v1	inherit	699000	699000
13659	can-flow	draft	2850000	2850000
13681	13659-revision-v1	inherit	2850000	2850000
13682	villa-darcy	draft	4500000	4500000
13703	13682-revision-v1	inherit	4500000	4500000
13704	prado-estate	draft	2800000	2800000
13725	13704-revision-v1	inherit	2800000	2800000
13726	cala-lenya-villas	draft	2285000	2285000
13727	13726-revision-v1	inherit	2285000	2285000
13737	13726-revision-v1	inherit	2285000	2285000
13738	villa-lisa	draft	3200000	3200000
13757	13738-revision-v1	inherit	3200000	3200000
13883	13682-revision-v1	inherit	4500000	4500000
13884	13704-revision-v1	inherit	2800000	2800000
13903	13659-revision-v1	inherit	2850000	2850000
13904	13704-revision-v1	inherit	2800000	2800000
13905	13738-revision-v1	inherit	3200000	3200000
13906	13726-revision-v1	inherit	2285000	2285000
13949	13645-revision-v1	inherit	699000	699000
13970	13624-revision-v1	inherit	2930000	2930000
13971	13598-revision-v1	inherit	1750000	1750000
13993	13598-revision-v1	inherit	1750000	1750000
14017	13549-revision-v1	inherit	2700000	2700000
14018	13549-autosave-v1	inherit	2700000	2700000
14039	13523-revision-v1	inherit	2170000	2170000
14073	13500-revision-v1	inherit	2900000	2900000
14081	13497-revision-v1	inherit	1075000	1075000
14110	13494-revision-v1	inherit	1500000	1500000
14129	13436-revision-v1	inherit	750000	750000
14142	13356-revision-v1	inherit	900000	900000
14166	13351-revision-v1	inherit	1500000	1500000
14167	13351-revision-v1	inherit	1500000	1500000
14178	13349-revision-v1	inherit	975000	975000
14181	10903-revision-v1	inherit	1300000	1300000
14182	10903-revision-v1	inherit	1300000	1300000
14184	10903-revision-v1	inherit	1300000	1300000
14185	13349-revision-v1	inherit	975000	975000
14186	10330-revision-v1	inherit	2000000	
14188	13105-revision-v1	inherit	2240	5040
14192	10903-revision-v1	inherit	1300000	1300000
14194	13351-revision-v1	inherit	1500000	1500000
14195	13351-revision-v1	inherit	1500000	1500000
14196	13351-revision-v1	inherit	1500000	1500000
14197	13351-revision-v1	inherit	1500000	1500000
14199	10903-revision-v1	inherit	1400000	1400000
14201	13497-revision-v1	inherit	1075000	1075000
14202	13497-revision-v1	inherit	1075000	1075000
14203	13497-revision-v1	inherit	1075000	1075000
14205	13349-revision-v1	inherit	975000	975000
14206	13349-revision-v1	inherit	975000	975000
14207	13349-revision-v1	inherit	975000	975000
14209	13356-revision-v1	inherit	900000	900000
14211	13436-revision-v1	inherit	750000	750000
14212	13436-revision-v1	inherit	750000	750000
14214	13494-revision-v1	inherit	1500000	1500000
14216	13500-revision-v1	inherit	2900000	2900000
14217	13523-revision-v1	inherit	2170000	2170000
14219	13523-revision-v1	inherit	2170000	2170000
14220	13549-revision-v1	inherit	2700000	2700000
14222	13578-revision-v1	inherit	1850000	1850000
14223	13578-revision-v1	inherit	1850000	1850000
14225	13598-revision-v1	inherit	1750000	1750000
14227	13624-revision-v1	inherit	2930000	2930000
14228	13645-revision-v1	inherit	699000	699000
14230	13645-revision-v1	inherit	699000	699000
14231	13659-revision-v1	inherit	2850000	2850000
14233	13659-revision-v1	inherit	2850000	2850000
14235	13682-revision-v1	inherit	4500000	4500000
14237	13704-revision-v1	inherit	2800000	2800000
14239	13726-revision-v1	inherit	2285000	2285000
14241	13738-revision-v1	inherit	3200000	3200000
14243	13346-revision-v1	inherit	3500000	3500000
14270	13346-revision-v1	inherit	3500000	3500000
14273	3186-revision-v1	inherit	2240	6160
14300	3186-revision-v1	inherit	2240	6160
14302	3186-revision-v1	inherit	2240	6160
14303	3186-revision-v1	inherit	2240	6160
14312	4473-revision-v1	inherit	1900000	1900000
14313	4473-revision-v1	inherit	1900000	1900000
14318	4473-revision-v1	inherit	1900000	1900000
14320	4473-revision-v1	inherit	1950000	1950000
14326	6998-revision-v1	inherit	4734	12226
14328	2751-revision-v1	inherit	2747	9310
14329	2751-revision-v1	inherit	2747	9310
14330	3322-revision-v1	inherit	1872	4446
14331	4435-revision-v1	inherit	2550	6891
14332	9082-revision-v1	inherit	2506	6140
14333	10920-revision-v1	inherit	1463	3510
14334	4771-revision-v1	inherit	2515	4855
14335	3155-revision-v1	inherit	2549	5666
14336	2818-revision-v1	inherit	2724	7268
14337	9998-revision-v1	inherit	3133	8485
14338	4067-revision-v1	inherit	2590	5763
14339	2782-revision-v1	inherit	2724	8646
14340	10838-revision-v1	inherit	2549	6892
14341	2929-revision-v1	inherit	2550	6891
14342	3174-revision-v1	inherit	2835	6767
14345	10920-revision-v1	inherit	1463	3510
14346	10920-revision-v1	inherit	1463	3510
14347	10920-revision-v1	inherit	1463	3510
14348	10920-revision-v1	inherit	1463	3510
14350	3174-revision-v1	inherit	2835	6767
14351	2929-revision-v1	inherit	2550	6891
14353	2782-revision-v1	inherit	2724	8646
14354	4067-revision-v1	inherit	2590	5763
14355	9998-revision-v1	inherit	3133	8485
14356	2818-revision-v1	inherit	2724	7268
14357	3155-revision-v1	inherit	2549	5666
14360	10920-revision-v1	inherit	1463	3510
14361	4771-revision-v1	inherit	2515	4855
14363	9082-revision-v1	inherit	2506	6140
14364	4435-revision-v1	inherit	2550	6891
14365	3322-revision-v1	inherit	1872	4446
14394	2751-revision-v1	inherit	2747	9310
14395	7137-revision-v1	inherit	1847	6125
14396	3322-revision-v1	inherit	1872	4446
14397	4771-revision-v1	inherit	2515	4855
14398	4067-revision-v1	inherit	2590	5763
14402	3155-revision-v1	inherit	2549	5666
14403	3174-revision-v1	inherit	2835	6767
14404	2818-revision-v1	inherit	2724	7268
14405	9082-revision-v1	inherit	2506	6140
14516	3186-revision-v1	inherit	2240	6160
14517	3186-revision-v1	inherit	2240	6160
14541	10903-revision-v1	inherit	1400000	1400000
14575	13105-revision-v1	inherit	2240	5040
14576	13105-revision-v1	inherit	2240	5040
14578	10920-revision-v1	inherit	1463	3510
14581	13105-revision-v1	inherit	2620	5895
14582	2894-revision-v1	inherit	2140	5894
14583	3322-revision-v1	inherit	2095	4977
14584	4067-revision-v1	inherit	2851	6342
14585	9082-revision-v1	inherit	2806	6920
14586	3524-revision-v1	inherit	2367	5370
14587	4771-revision-v1	inherit	2816	5436
14588	3155-revision-v1	inherit	2854	6343
14589	4001-revision-v1	inherit	4038	7272
14590	3174-revision-v1	inherit	3172	7576
18938	9082-revision-v1	inherit	4300	9496
14591	2929-revision-v1	inherit	2854	7715
14592	6998-revision-v1	inherit	5299	13687
14593	9998-revision-v1	inherit	3508	9496
14594	2782-revision-v1	inherit	3049	9679
14595	4435-revision-v1	inherit	2854	7715
14596	2818-revision-v1	inherit	3049	8136
14597	9129-revision-v1	inherit	14028	2875
14598	3186-revision-v1	inherit	2620	7204
14599	2751-revision-v1	inherit	3049	9679
14606	6998-revision-v1	inherit	5299	13687
14608	3186-revision-v1	inherit	2620	7204
14635	3524-revision-v1	inherit	2579	6197
14636	3174-revision-v1	inherit	3172	7576
14637	3524-revision-v1	inherit	2575	6211
14640	3322-revision-v1	inherit	2095	4977
14641	3524-revision-v1	inherit	2575	6211
14642	3174-revision-v1	inherit	3172	7576
14733	3186-revision-v1	inherit	2620	7204
14874	10920-revision-v1	inherit	2032	4183
14879	2894-revision-v1	inherit	2140	5894
14881	4067-revision-v1	inherit	2851	6342
14882	3155-revision-v1	inherit	2854	6343
14883	4001-revision-v1	inherit	4038	7272
14884	2929-revision-v1	inherit	2854	7715
14885	4435-revision-v1	inherit	2854	7715
14886	2818-revision-v1	inherit	3049	8136
14890	4771-revision-v1	inherit	2816	5436
14901	4067-revision-v1	inherit	2851	6342
14909	4473-revision-v1	inherit	8000	12000
14910	4473-revision-v1	inherit	8000	12000
15056	4067-revision-v1	inherit	2851	6342
16605	9082-revision-v1	inherit	2806	6920
16696	3174-revision-v1	inherit	3172	7576
16697	3174-revision-v1	inherit	3172	7576
16698		draft	2854	7715
16699	beautiful-ibiza-villa-with-private-security	draft	5142	10258
16700	16699-revision-v1	inherit	8000	12000
16701	16699-revision-v1	inherit	2700000	
16702	16699-revision-v1	inherit	2700000	
16704	16699-revision-v1	inherit	2700000	
16717	6998-revision-v1	inherit	5299	13687
16757	9998-revision-v1	inherit	3508	9496
16758	2782-revision-v1	inherit	3049	9679
16759	3155-revision-v1	inherit	2854	6343
16760	4435-revision-v1	inherit	2854	7715
16761	10920-revision-v1	inherit	2032	4183
16827	4732-revision-v1	inherit	3688	8775
16828	4732-revision-v1	inherit	3688	8775
16863	4067-autosave-v1	inherit	2851	6342
16864	4067-revision-v1	inherit	2851	6342
17137	3155-revision-v1	inherit	2854	6343
17145	3155-revision-v1	inherit	2854	6343
17175	4067-revision-v1	inherit	2851	6342
17183	4067-revision-v1	inherit	2851	6342
17235	3155-revision-v1	inherit	2854	6343
17236	3155-revision-v1	inherit	2854	6343
17238	3155-revision-v1	inherit	2854	6343
17239	3155-revision-v1	inherit	2854	6343
17240	3155-revision-v1	inherit	2854	6343
17241	3155-revision-v1	inherit	2854	6343
17252	3186-revision-v1	inherit	2620	7204
17268	3186-revision-v1	inherit	2620	7204
17283	2782-revision-v1	inherit	3272	10418
17285	6998-revision-v1	inherit	5700	14730
17286	9082-revision-v1	inherit	3020	7917
17287	2818-revision-v1	inherit	3280	8753
17288	3186-revision-v1	inherit	3524	7755
17289	4067-revision-v1	inherit	3069	7722
17290	2894-revision-v1	inherit	2306	6344
17291	3322-revision-v1	inherit	2257	5359
17292	9998-revision-v1	inherit	3767	10223
17293	4771-revision-v1	inherit	2558	5854
17294	3155-revision-v1	inherit	3069	7722
17295	3524-revision-v1	inherit	3045	7040
17296	3174-revision-v1	inherit	3119	6666
17297	4435-revision-v1	inherit	3069	8307
17314	4732-revision-v1	inherit	8050	11500
17319	2782-revision-v1	inherit	3126	9915
17320	6998-revision-v1	inherit	5434	14013
17321	9082-revision-v1	inherit	2886	7537
17322	2818-revision-v1	inherit	3135	8338
17323	3186-revision-v1	inherit	3365	7540
17324	4067-revision-v1	inherit	2936	7423
17325	2894-revision-v1	inherit	2206	6041
17326	3322-revision-v1	inherit	2449	5107
17327	9998-revision-v1	inherit	3604	9727
17328	4771-revision-v1	inherit	2452	5576
17329	3155-revision-v1	inherit	2936	6612
17330	3524-revision-v1	inherit	2909	6707
17331	3174-revision-v1	inherit	2816	5742
17332	4435-revision-v1	inherit	2936	7906
17399	16699-revision-v1	inherit	2700000	
17400	16699-revision-v1	inherit	2700000	
17411	16699-revision-v1	inherit	2700000	
17412	16699-revision-v1	inherit	7000	6000
17413	4473-revision-v1	inherit	8000	12000
17414	16699-revision-v1	inherit	2900000	
17450	4435-revision-v1	inherit	2936	7906
17452	4435-revision-v1	inherit	2936	7906
17505	3186-revision-v1	inherit	3365	7540
17251	3186-autosave-v1	inherit	3365	7540
17532	16699-revision-v1	inherit	8190	11700
17534	16699-revision-v1	inherit	11700	
17536	4473-revision-v1	inherit	8190	11700
17548	4473-revision-v1	inherit	8190	11700
17552	4473-revision-v1	inherit	8190	11700
17665	2782-revision-v1	inherit	3153	1001
17667	6998-revision-v1	inherit	5481	14134
17669	9082-revision-v1	inherit	2911	7603
17670	2818-revision-v1	inherit	3162	8410
17671	3186-revision-v1	inherit	3394	7604
17672	4067-revision-v1	inherit	3402	7622
17673	2894-revision-v1	inherit	2225	6094
17674	3322-revision-v1	inherit	2471	5151
17675	9998-revision-v1	inherit	3635	9811
17676	3155-revision-v1	inherit	2961	6669
17677	3524-revision-v1	inherit	2935	6765
17678	3174-revision-v1	inherit	2841	5791
17679	4435-revision-v1	inherit	2962	7974
17825	3524-revision-v1	inherit	2935	6765
17826	3524-revision-v1	inherit	2935	6765
17828	3524-revision-v1	inherit	2935	6765
17831	3524-revision-v1	inherit	2935	6765
17832	3524-revision-v1	inherit	2935	6765
17835	3174-revision-v1	inherit	2841	5791
17836	3174-revision-v1	inherit	2841	5791
17841	3186-revision-v1	inherit	3394	7604
17843	9082-revision-v1	inherit	2911	7603
17844	3524-revision-v1	inherit	2935	6765
17845	3186-revision-v1	inherit	3394	7604
17846	9082-revision-v1	inherit	2911	7603
17847	3174-revision-v1	inherit	2841	5791
17978	2782-revision-v1	inherit	3397	10809
17979	16699-revision-v1	inherit	5057	10088
17980	6998-revision-v1	inherit	5923	15286
17981	9082-revision-v1	inherit	3992	9339
17982	2818-revision-v1	inherit	3549	
17983	3186-revision-v1	inherit	3657	8047
17984	4067-revision-v1	inherit	3548	8014
17985	2894-revision-v1	inherit	2399	6581
17986	3322-revision-v1	inherit	2657	5564
17987	3155-revision-v1	inherit	3149	7105
17989	3524-revision-v1	inherit	3168	7305
17990	3174-revision-v1	inherit	3065	6922
17991	4435-revision-v1	inherit	3190	8622
17992	2818-revision-v1	inherit	3549	9093
17994	4473-revision-v1	inherit	5355	10115
17996	3155-revision-v1	inherit	3149	7105
17998	3155-revision-v1	inherit	3149	7105
18000	3155-revision-v1	inherit	3149	7105
18002	16699-revision-v1	inherit	5142	10258
18003	2782-revision-v1	inherit	3456	10995
18004	6998-revision-v1	inherit	6022	15542
18005	9082-revision-v1	inherit	4300	9496
18006	2818-revision-v1	inherit	3608	9240
18007	3186-revision-v1	inherit	3718	8182
18008	4067-revision-v1	inherit	3608	8148
18009	2894-revision-v1	inherit	2439	6691
18010	3322-revision-v1	inherit	2702	5658
18011	3155-revision-v1	inherit	3202	7225
18012	3524-revision-v1	inherit	3221	7429
18013	3174-revision-v1	inherit	3117	7039
18014	4435-revision-v1	inherit	3244	8766
18015	4473-revision-v1	inherit	5445	10285
18125	stunning-villa-in-playa-den-bossa	draft	1833	5463
18183	18125-revision-v1	inherit	1833	5463
18185	18125-revision-v1	inherit	1833	5463
18186	18125-revision-v1	inherit	1833	5463
18187	18125-revision-v1	inherit	1833	5463
18188	18125-revision-v1	inherit	1833	5463
18189	18125-revision-v1	inherit	1833	5463
18190	18125-revision-v1	inherit	1833	5463
18191	18125-revision-v1	inherit	1833	5463
18192	18125-revision-v1	inherit	1833	5463
18193	18125-revision-v1	inherit	1833	5463
18194	18125-revision-v1	inherit	1833	5463
18195	18125-revision-v1	inherit	1833	5463
18196	18125-revision-v1	inherit	1833	5463
18197	18125-revision-v1	inherit	1833	5463
18198	18125-revision-v1	inherit	1833	5463
18199	18125-revision-v1	inherit	1833	5463
18200	18125-revision-v1	inherit	1833	5463
18201	18125-revision-v1	inherit	1833	5463
18202	18125-revision-v1	inherit	1833	5463
18203	18125-revision-v1	inherit	1833	5463
18205	18125-revision-v1	inherit	1833	5463
18218	3174-revision-v1	inherit	3117	7039
18224	3174-revision-v1	inherit	3117	7039
18256	3174-revision-v1	inherit	3117	7039
18259	3174-revision-v1	inherit	3117	7039
18261	3174-revision-v1	inherit	3117	7039
18263	3174-revision-v1	inherit	3117	7039
18288	18125-revision-v1	inherit	1833	5463
18289	6998-revision-v1	inherit	6022	15542
18290	9082-revision-v1	inherit	4300	9496
18291	2818-revision-v1	inherit	3608	9240
18292	3186-revision-v1	inherit	3718	8182
18293	4067-revision-v1	inherit	3608	8148
18294	9998-revision-v1	inherit	3635	9811
18295	4771-revision-v1	inherit	2452	5576
18296	3155-revision-v1	inherit	3202	7225
18297	3174-revision-v1	inherit	3117	7039
18298	4435-revision-v1	inherit	3244	8766
18308	3186-revision-v1	inherit	3718	8182
18345	18125-revision-v1	inherit	1833	5463
18411	3524-revision-v1	inherit	3221	7429
18420	18125-revision-v1	inherit	1833	5463
18421	18125-revision-v1	inherit	1833	5463
18422	18125-revision-v1	inherit	1833	5463
18423	18125-revision-v1	inherit	1833	5463
18424	18125-revision-v1	inherit	1833	5463
18425	18125-revision-v1	inherit	1833	5463
18453	3155-revision-v1	inherit	3202	7225
18454	9082-revision-v1	inherit	4300	9496
18456	18125-revision-v1	inherit	1833	5463
18457	18125-revision-v1	inherit	1833	5463
18458	18125-revision-v1	inherit	1833	5463
18460	18125-revision-v1	inherit	1833	5463
18461	18125-autosave-v1	inherit	1833	5463
18462	9082-revision-v1	inherit	4300	9496
18464	3155-revision-v1	inherit	3202	7225
18452	3155-autosave-v1	inherit	3202	7225
18465	3322-revision-v1	inherit	2702	5658
18467	16699-revision-v1	inherit	5142	10258
18468	2782-revision-v1	inherit	3456	10995
18469	6998-revision-v1	inherit	6022	15542
18470	2818-revision-v1	inherit	3608	9240
18471	4067-revision-v1	inherit	3608	8148
18472	2894-revision-v1	inherit	2439	6691
18473	3524-revision-v1	inherit	3221	7429
18474	3174-revision-v1	inherit	3117	7039
18475	4435-revision-v1	inherit	3244	8766
18476	2782-revision-v1	inherit	3456	10995
18477	2782-autosave-v1	inherit	3456	10995
18478	4473-revision-v1	inherit	5445	10285
18479	4473-autosave-v1	inherit	5445	10285
18597	18125-revision-v1	inherit	1833	5463
18598	18125-revision-v1	inherit	1833	5463
18599	18125-revision-v1	inherit	1833	5463
18600	3155-revision-v1	inherit	3202	7225
18612	3155-revision-v1	inherit	3202	7225
18621	18125-revision-v1	inherit	1833	5463
18622	16699-revision-v1	inherit	5142	10258
18623	10920-revision-v1	inherit	2032	4183
18624	4771-revision-v1	inherit	2452	5576
18625	4067-revision-v1	inherit	3608	8148
18626	3155-revision-v1	inherit	3202	7225
