7207	39ac04187c5ceedeaa3ef77d9a260eb9	53290fdec7004e12cf1a4e9b82dbe0f8	7207-great-value-villas-in-ibiza-2017-fab-may-discounts.html
7217	0b4811c1689d5e41c84fbb7dbb809f7f	65125eb26fc68f69db4cca3a4a6accd0	7217-new-era-iconic-ibiza-club.html
7239	ed3a43f1f2d7fea6243c20ef7d137cbd	7ce4502f6e8268ad9f91227f0e358b84	7239-ibiza-weather-winter-2017-biblical.html
7289	e4609ac2e7cb520f596fc2131aca1a53	461bc0d5cdc46c3dbc8b4291c49495cf	7289-ibiza-water-table-highest-level-10-years.html
7322	99b50fefc74dc308fd8144c676872756	6b235a97d04dd42e0267081d32250cf8	7322-ibiza-in-spring.html
7421	04964f19bd11c28647a67608999fa413	c6dc04db81b8db7ab3c92105769acfb1	7421-dolphins-san-antonio-ibiza.html
7490	e37b54c2435f3dd2a86da4461f0f2544	98b798331caf36f53ef204944819f45b	7490-win-a-week-in-an-ibiza-villa-more.html
7508	921c52e5f0a58127432698e5ac664209	f34578a71b8c1c728f780f1138bf4bdb	7508-lush-new-ibiza-villa.html
7555	ee8d7afc70d93e337f1efe55334ce82e	f7660f319dc122c468a959a5236ad884	7555-big-june-discounts-ibiza-villa-rentals.html
7632	00abad9e734803d0956706f51d0aa9eb	ae8014f6f8860c7412443445e77d52a5	7632-ibiza-opening-parties-villa-discounts.html
7665	9005a90f54554a929e373398391d947a	db3cf95bf288c27784d9678580716ccd	7665-ibiza-holidays-relationship-break-ups.html
7687	50a3f073666126550099f451a4ee6cea	3d291b5548a3c7540bc23cd3307d0ee8	7687-ibiza-villa-discount-week-1.html
7727	881730df4679e394a9e40c652418c0ba	c429cd471eb9da2efad1ce872752274b	7727-ibiza87-irvine-welsh.html
7741	f9e3b22b4e929b2493a53f9874c5fee0	2d1ced81690981cafadda0ebf4ffe09e	7741-ibiza-villa-discount-week-3.html
7753	419e4e79c0521500d0a8e43da7491219	fbc689fb4cb3396d95ebda81c402d694	7753-ibiza-villa-discount-week-2-2.html
7781	3deeca029a739bf6a4544dc18575360e	00042719f18e054b5db6cd68ee17ae12	7781-ibiza-rocks-stormzy-merky-festival.html
7808	92a44516d6381bf03fb3ed57e2163d17	a889b08716b76729d30686ae93c24451	7808-easter-in-ibiza.html
7821	2ce01b74372e88e53153042b54f01558	498a38d14c93ea9b63bea12754617767	7821-ibiza-villa-discount-week-4.html
7915	737611d7038eeff517c8b1b278a838c3	7f7af4f85b553c238e3adc5057abfdaf	7915-ibiza-villa-rental-discount-week-5-sunset-sea-view-special.html
7923	0aa2acab6b1f7f3a69bba78d79cb68f8	6653fe289eec2f899a227400b75f3526	7923-ibiza-villa-rentals-for-a-grand.html
7947	e98a8e777ada76d41c9aad7816e82e0e	8e33cd229e2dead3c09c7117da92e78b	7947-ibiza-restaurant-review-cesars-beach-bar.html
7958	79e06919fbd3f91903ac26484b60e800	e7bf73e8c7c9c09baf87c770252b25ab	7958-ibiza-villa-competition-closed.html
7970	e3412429dafe1947600bad4171559128	34500cfec0bd169e360b57561d158ff2	7970-ibiza-spirit-festival-love-guaranteed-for-all.html
7992	365b7847669b0e5e0a780c4db67ae638	3f83847ddf425ad19395d2699ad755ae	7992-ibiza-villa-rental-discount-week-7.html
7996	882d867c745e5b0a8460132052d6e13f	e7cf0a0a6e1f2ecc17a6a2f3d67528e1	7996-things-to-do-in-ibiza-tenner.html
8014	ef75f1e35ea8fcd022f4cc8b33be598c	4cd5935ab77951a74383c44b57488bea	8014-ibiza-villa-rental-discount-week-8.html
8028	c6d6325bb2e6f6600a59ded9a9b1e321	072b456d4bb8a41661be29c17fcef154	8028-new-guide-ibiza-restaurants.html
8050	99ded0f61c10a3037ab65cf9ee5d7c16	a529da06328696d884b7b0818be56e07	8050-playa-den-bossa-ibiza-rude-cafe-luggage-storage.html
8096	bbc79e38f22d75ca342107cb5b463bdc	94da564701f6a9085f06a8552e23827d	8096-ibiza-restaurant-guide-el-portalon.html
8117	607f4a720e08b916147d7948eb5ebf71	e27ffe386d49e1780a7d71cdd526dd9f	8117-ibiza-villa-rental-discount-week-9.html
8185	6ba0af7e6680aaa0666265868130b4fd	6d122c700487bde009b14e7823645054	8185-ibiza-villa-discount-week-10.html
8204	d28a887ff0b1e592c1f5c7da0f5d3201	949ed592b7051121ef96b1e56596fc98	8204-ibiza-opening-party-2017-disco-toilets.html
8237	ed123a1aee13f0a8949d0d079dfdd713	25e1ee043a07aef67973d901ea4f8523	8237-restaurant-guide-cafe-savannah.html
8254	1c7ec010f7995f1914f6d34e7951cf42	c5868d7f73298836fa217b7b0683e7c1	8254-ibiza-villa-rental-discount-week-11-august.html
8276	cfd2878ce3c2bb2ffb2829b413e41f94	d822d80356f0a33edaac48662e12b3cf	8276-restaurant-guide-tim-sheridan-kumharas.html
8288	ad7947d4649f2ca32da041a575d72d6c	35f68003fabc9dcabcb50ec3041c8f5a	8288-ibiza-villa-rental-discount-week-12.html
8326	c1af4b44b3657ccd93a5bfe63637a83f	697db097fb560b8aaaddf1796fe3c2a7	8326-dj-uner-live-djmag.html
8361	147209faa59d58d7c4e9cf10e82f15b2	c43db3ccac09b5bc7f46ecda70252458	8361-illegal-tourist-rentals-ibiza-huge-new-fines-imposed.html
8365	427706e5c3a2ace5e1542a0d5306ab19	4cea0ba7226426bce2c77ba4b6c5b7d3	8365-ibiza-weather-extreme.html
8377	e48749afc89580778b07e7e793c68b65	7d2b689bc4f8755c82171bad264186b7	8377-ibiza-villa-rental-discount-week-13.html
8424	cbf78a9f1996a1bbb37819ee74b477a2	767b7d73b24fc96f0d3e02cc923e6ec3	8424-2018-ibiza-villa-rental.html
8460	5e2bd7a9d2bbeb4c58ae3ebea3daa291	4567b8d773b18f8af4903e22fcd1bcbe	8460-ibiza-rocks-exclusive.html
8469	1cb293247bcee73082eb5abfab64fa7f	785b789ebb220c3acea8d8e6854ed92b	8469-rental-discount-week-14.html
8493	d1da11875b076462f5608b629f6edb4b	39b0f64cbe7b75904c877f9caf804ccb	8493-restaurant-guide-palapa-san-antonio.html
8503	d4417be7bebcee9cbc4363f62144c261	e166750e8197b7a702f446e064db2d4b	8503-rental-discount-week-15.html
8573	fc5562878a8945634a9372a66e9408e6	9fee5956aa7e028efdc3067361596f03	8573-discount-week-16.html
8590	d3264c0cfde2cc01c5434209746ab6d7	11da2396a56ab5a9f81eab2bcf217aeb	8590-alcohol-ban-ibiza-flights.html
8602	73e8c40bbc41b48b25c8310d742fa9b6	6574b1def4e70ebccac9dd8a3b7d205b	8602-restaurant-guide-villa-mercedes.html
8643	8d73a8493f52f941bdc081fd0b6c79cf	5b5abd2ae5c75221e0d06e110570979e	8643-ibiza-villas-for-clubbers.html
8668	9a826e92dd80b7a8df4974f36fc32b4d	fe2ae822b3da4af46eb2f8de3630bf98	8668-safe-ibiza-villa-rental.html
8679	c324a7c42b434bc9ac6a6134dd604311	f0948084b0abcfc3b6291c883b57c72b	8679-villa-rental-discount-week-18.html
8711	eac53cf68f84b9b1892179458501aef4	d83e4aa02e26431a4d6040b6fed268aa	8711-things-to-do-in-ibiza-summer-2017.html
8716	2c6e4cf44b30a38e847b32993043f7c6	c3a36a5ebd3ca717ef771792ed657ec0	8716-rental-discount-week-19.html
8722	42b93f6e17ff4d2cc8e8991ef6f2b919	b7d6c714c2ec429e3dc02415e7ccc570	8722-babylon-beach-ibiza.html
8752	302799129c86f349d1a6b4f1d770cb08	4809d232ae02a7dfb20d15ea2456f256	8752-discount-week-20.html
8778	0e93ea16909cfba23b91e6cb0efda52e	987453ad40f4078a405452612c9263e9	8778-pikes-hotel-ibiza-restaurant-guide.html
8790	e59c15e36eb9a76085a9c63a695e6427	f8d40ef5c25bd1777f8fae50551c3c99	8790-large-villas-to-rent-in-ibiza.html
8808	aeb76260c2b0ed33a708de4526a42b45	3c1b878a69b834663e19c26fb64a23fd	8808-ibiza-stories.html
8819	9edc1138d0a612d02b225a497fe464c5	231b5aad54b158956d8738fe16c8d1ed	8819-rent-ibiza-villa-plus-flights.html
8835	eb6706e0904ab90ff8505ef1c2d09165	97760d75298238f056ba53f03eefad53	8835-rent-ibiza-villas-humongous-savings.html
8847	8b2f3234289fc980aea7b446a25dbad1	31eef3ac4c7616015a75522dacec023f	8847-restaurant-guide-2017-boutique-hostal-salinas.html
8885	0a5fa0112b7244d9e376b7a8fd4c33e7	f382745332e194b959d6f1a6b6a1eb61	8885-restaurant-guide-cala-gracioneta-chiringuito.html
8899	ab4dfac6a757bf25d3899bf3dfff9096	91dca7296f4725381cd5b3f640727580	8899-record-breaking-year-ibiza-2017-summer-season.html
9332	b860d17e760d429d197d1f68b0c81b15	9e83aa94a523b0878553f527fc6120a8	9332-february-in-ibiza-2018.html
9465	e17d1770efbb317339ccc9ad70cf7f2a	32d0916409b7fd1ef45b379e87659490	9465-rent-a-cheap-ibiza-villa-2018.html
9500	2ccdd0f7627715d43cdf4ef715da7851	0c296095c1119e36e50707fd707a02aa	9500-march-in-ibiza.html
9855	b41597d269ad5a63159c11b4a6e29ce7	aae48065242bb18a7a33b65ddf50c130	9855-ibiza-in-april.html
9922	42eff2a9b04effcc59afc867911dbdcf	76e697f3b46e30dabd7709385c59c99b	9922-villa-rental-offers-for-may-june-2018.html
9964	6275316c75d8f77dd52d77a01f027465	4a4972ed9a1b18367bcee277aae55e2c	9964-ibiza-in-may.html
10122	39c6bcb8c82a6b998103bf1a34553d21	3d0d1a2de6b2c7d0faab19bcae336f4a	10122-cheap-ibiza-holidays-short-breaks.html
10154	491a1ae8c5c70a0f50aaf1494f9da458	cad35734242a4d96a10c1e93141057d4	10154-ibiza-rental-villas-discount.html
10209	e68aceff0416f3355c816595260d11fc	e6511443597b79fbd812bf88b9577aa8	10209-ibiza-summer-villa-discounts.html
10222	f9ea14863dc557e2d9f34e849093b08b	64becff3c13af997dad91c13810b4fff	10222-ibiza-in-june.html
10278	f5ad5cdab5fcaeb558b277ea9aeafcb4	e6a2a549878dc5df547d3f5fd8df4937	10278-ibiza-rocks-competition.html
10308	0bd3381cddea7120fe70e4d5ccd2cc13	e8d5763f50816e3a78c8797e91585e8b	10308-renting-a-villa-in-ibiza.html
10345	fb676b2041281629dac1ba1ddb64d44b	6b9d31a39c721c0d5f90fea1a33125cf	10345-ibiza-in-july.html
10404	edcbb74efded7ffa65fd4879062f2932	033cbe023de2cdae62a921fe09e97881	10404-ibiza-villa-holidays-monster-savings.html
10453	379f8751b1c2d96ca85d3e1c1d853b3d	0cd3cb91ac2911c70278530137603312	10453-ibiza-villa-discounts.html
10514	f6db2ddb587f26fb1921914f504a6e9d	fa43030a9ae308da51286a496a428d6b	10514-ibiza-in-august-guide.html
10547	981b251958019288008aedeecf90fc52	a42eb6b07b47e7978958789e889e2a4a	10547-2019-ibiza-villa-rentals.html
10669	5f7e8adf128673a00c470a40b37fafde	88fd0a73f86a7d78c8a2003f1d46a84a	10669-ibiza-september-guide.html
10696	c36cdcc973c1df1f7ab05f11c459045f	2728311112fbc29729d4930202a46d80	10696-amazing-special-offers-in-ibiza.html
10779	195aeaac98eea10b3a7d4a1c579b057b	bdcac5f519cd674e0fe0296422d1983f	10779-new-ibiza-villa-rentals-for-2019.html
10796	8bbb072b01df056033e0b4bd90ffb622	ddf99e1e4788d00c2d0d2308a8a1bb67	10796-ibiza-october-guide-weather-insiders-info-special-events-and-amazing-special-offers.html
11029	adeafdedd1a59d9bb7d3f9f8760ece7f	4ec00b5ba4c98903182d4d7f6b8a71aa	11029-new-ibiza-villa-rentals-for-summer-2019.html
11118	0abcb1f29eb6162913201bafd17178ca	84f2489c02b6b5da316e30e9d1d4f314	11118-best-value-ibiza-villas.html
11537	d9a38653b0b07e3d2c4ae4578a96876e	e3bb644fe5dfb910a68c1c8d27ffe4a2	11537-freds-finca-hostal-yoga-retreat.html
11799	69ecf185f2f33e1112d23438a4566296	be4674477a2ab064c2680d2f6c7b8dda	11799-discounted-ibiza-villas.html
12577	3d0b0e3de82889ed93707e816993666f	34bf1fec162c059e73a6ebeb0f9bfa48	12577-amazing-ibiza-villa-with-sea-views.html
16559	d82be50d0a7303c09990a9f1abaccaef	9e81b6e75787be64dfe9078fab332845	16559-the-best-private-boat-rental-in-ibiza-find-your-perfect-maritime-itinerary-in-the-mediterranean.html
16607	327a919fb936a1216012be1c1d3031e4	3857593b7e3d16a8988066dabf7561a4	16607-september-and-october-holiday-discounts.html
16624	3026e24963a569a768f9d3c90fd89f40	cfa18f16408e5f9fe80d0931a0dd2d26	16624-closing-parties-in-ibiza-2022.html
16680	54516a130cf977690a2768c5efe64ce5	f1445921612478e2ef62b9688435dbd1	16680-new-year-event-in-ibiza-2022-2023.html
16891	091519e7e31f76c08415e89b85e499aa	1d5e8817bcc991571d9c248a1cf876fb	16891-ibiza-in-february-2023.html
17080	e278563de7c4f7a24b4bb3dd9474fb49	a00563b1edca02f77d330a3478d5eaeb	17080-reasons-why-ibiza-should-be-your-ultimate-travel-destination.html
17211	b3d375438381e7c3ec532ae9c54d7ec1	e2be5436722c42b62cd2f19d8ad65ec1	17211-top-15-sunset-spots-in-ibiza.html
17225	b9c01693ed2db38c6234df841e388ce5	af9b2369458a96f0358965a40bddd9d4	17225-discover-san-antonio.html
17298	e1dbe2810253f90c70a49899fd8eb8e8	ae8e704fbd8d57da2701b57423daea81	17298-ibiza-in-september-a-comprehensive-guide-to-the-autumn-magic.html
17508	501e32965a6f80e2d1ce15809de77113	d6b6ad64beebcd01c67fb6e0dd0ccd52	17508-unforgettable-romance-awaits-design-your-dream-ibiza-getaway.html
17565	350d6db0dae9e1338f9bb03d0d92349f	097257c95821577ca13cf1d2edfc1fc3	17565-discover-ibiza-in-april.html
17634	e36bdd856fe26d81d2c62aa79ff5c678	20372c5c8a5ccac95cd37195ff5e5583	17634-exploring-the-pristine-beaches-of-formentera.html
17850	f0c42dbeb60ce435c82860673af73d38	65c99bbe36266e676979774b88442acc	17850-villa-rental-offers-for-july-2024.html
17929	6f249851392006dd28d95efdc7f487cf	785712e292509f2155fc57723a2326e7	17929-ibiza-weather-current-conditions-10-day-outlook-more.html
18022	6b8bca1d573fbaa7e9c0057ca77e3a7c	24ac2bf9c00246a0994d01d81eb8ef6b	18022-why-booking-early-for-your-2025-ibiza-holiday-is-a-smart-move.html
18057	0b79ba28abb2a94edd8c5419256628e8	d0d0972ee5f227af432ffead29394761	18057-ibiza-spain-villa-rentals-the-ultimate-holiday-guide.html
18264	1daa08d6a96e0272e2e979de22bd690b	1201f72fad21d901a06a40647f14de62	18264-a-villa-with-private-pool-in-ibiza-your-dream-getaway.html
18309	527ecd2f97d8ded83d6a52a5df5460fa	f553eb973760b4b7fe61af20d1cb18ba	18309-ibiza-on-a-budget-places-to-drink-in-san-antonio.html
18373	c71ecbc3e7dbf5aee01c5fb3d1ace898	9a46c5f79b12493d0cc573883dfafd4d	18373-exploring-the-hidden-gems-of-es-cana-ibiza.html
18486	e2bdec4551cb32b2a752d816563fbeb7	5b092b17143401952cca09724f02f94d	18486-your-ultimate-ibiza-summer-guide.html
18500	7057e57e0715fbcfc58ae663d3005357	f808a073a7446d616aa027e26abd240c	18500-discover-ibizas-secret-treasures-a-journey-beyond-the-obvious.html
18512	f7b603fedfe6cae383b90f277a0d99fc	e1007d3922bebd7a57c852c3cbd62b37	18512-ibizas-game-changing-new-club-unvrs-set-to-redefine-nightlife.html
