405	57b32aa315ef11b9e0070a54138d4300	68e73e9fdb24701421be0133767516ef	405-summer-is-here-time-to-relax.html	405-summer-is-here-time-to-relax.html
4823	3100f77f0b7f191de1decdb68bd5e664	9ec340f45b5b1fe05520459852d9fec8	4823-christmas-in-ibiza.html	4823-christmas-in-ibiza.html
4829	d72bbff2bbce5fcaf35ff57b95f896d2	bd7588bb5c7236137e8c982618d006e0	4829-new-year-in-ibiza.html	4829-new-year-in-ibiza.html
5150	0e38b2df6631eb9c303af5ee78abb14e	5a0cf12e2f1be912945f793eb2cba2b2	5150-the-medieval-festival-in-ibiza.html	5150-the-medieval-festival-in-ibiza.html
5216	efb045e9c64f42825a9be130b31dd8b3	3b381f89e784f5e6770223f32e1d3a7b	5216-the-best-books-about-ibiza.html	5216-the-best-books-about-ibiza.html
5385	b6c78ae19ec9abadd233d44b66db29c9	293ca3d833efb37e715a9c8310f1046e	5385-the-calas-of-the-west-coast-of-ibiza.html	5385-the-calas-of-the-west-coast-of-ibiza.html
5542	1c40872291312767731cae19b381abb7	eccf5a852111b001e853bf335375f654	5542-any-villa-for-1000-a-week-during-the-first-two-weeks-of-may.html	5542-any-villa-for-1000-a-week-during-the-first-two-weeks-of-may.html
5563	caa64492962797ba87c453c1545f4a5f	78f533c96c09d4f4309dc4c70452b548	5563-villa-torres-is-nearing-completion.html	5563-villa-torres-is-nearing-completion.html
5710	12c2f0c817fd43c3a73ae68d5e80a6c2	ac30abf4f08578e8f5126f0fb569b6a7	5710-the-new-balearic-eco-tax-comes-into-force-in-july.html	5710-the-new-balearic-eco-tax-comes-into-force-in-july.html
6189	147257aac40a9cac56d0696df9811048	5483fb5e484d56a4e368d75b4db64f5f	6189-rooftop-nine-new-sunset-viewpoint-ibiza.html	6189-rooftop-nine-new-sunset-viewpoint-ibiza.html
6230	0e97a3b172127b8c349387e2bc5f4d8d	08fbb8e8d7c8a3e96e885dee16b4a400	6230-join-us-beautiful-catamaran-ibiza.html	6230-join-us-beautiful-catamaran-ibiza.html
6810	597659f08c2fbed98c744452b4184c7b	0ece2713790030bfc4d2137c2d95b30b	6810-ibiza-doesnt-monday-blues.html	6810-ibiza-doesnt-monday-blues.html
7239	7ce4502f6e8268ad9f91227f0e358b84	d7b7126feb400e09c91ddd56f7d2bc0c	7239-ibiza-weather-winter-2017-biblical.html	7239-ibiza-weather-winter-2017-biblical-pre-styles.html
7289	461bc0d5cdc46c3dbc8b4291c49495cf	a4e6ebf119a74182f0d032f1e2379c4e	7289-ibiza-water-table-highest-level-10-years.html	7289-ibiza-water-table-highest-level-10-years-pre-styles.html
7322	6b235a97d04dd42e0267081d32250cf8	491d462873eadd79f7dbcc9e88666e00	7322-ibiza-in-spring.html	7322-ibiza-in-spring-pre-styles.html
7421	c6dc04db81b8db7ab3c92105769acfb1	acec505499dc350207c126120d7964b4	7421-dolphins-san-antonio-ibiza.html	7421-dolphins-san-antonio-ibiza-pre-styles.html
7555	f7660f319dc122c468a959a5236ad884	728178df6cb80f6a7c4057d5c913b8a4	7555-big-june-discounts-ibiza-villa-rentals.html	7555-big-june-discounts-ibiza-villa-rentals-pre-styles.html
7632	ae8014f6f8860c7412443445e77d52a5	617ca324ecd11ce91e5b2c18f55018b9	7632-ibiza-opening-parties-villa-discounts.html	7632-ibiza-opening-parties-villa-discounts-pre-styles.html
7665	db3cf95bf288c27784d9678580716ccd	9414f5486ce21cf06af32baa4a214291	7665-ibiza-holidays-relationship-break-ups.html	7665-ibiza-holidays-relationship-break-ups-pre-styles.html
7687	3d291b5548a3c7540bc23cd3307d0ee8	646eab29c83cf1bbf27254511ae78b88	7687-ibiza-villa-discount-week-1.html	7687-ibiza-villa-discount-week-1-pre-styles.html
7727	c429cd471eb9da2efad1ce872752274b	0aa28ffe63794bee9cc6ec575278d08c	7727-ibiza87-irvine-welsh.html	7727-ibiza87-irvine-welsh-pre-styles.html
7741	2d1ced81690981cafadda0ebf4ffe09e	593bcd7febff1e8de550baecf15518ab	7741-ibiza-villa-discount-week-3.html	7741-ibiza-villa-discount-week-3-pre-styles.html
7781	00042719f18e054b5db6cd68ee17ae12	6d6c8a58bb1043b534766314d026f85a	7781-ibiza-rocks-stormzy-merky-festival.html	7781-ibiza-rocks-stormzy-merky-festival-pre-styles.html
7808	a889b08716b76729d30686ae93c24451	1c012091bbf6cbae0e7534472ddaf5f0	7808-easter-in-ibiza.html	7808-easter-in-ibiza-pre-styles.html
7821	498a38d14c93ea9b63bea12754617767	0f61b41f358a27334623c97ba42c0d23	7821-ibiza-villa-discount-week-4.html	7821-ibiza-villa-discount-week-4-pre-styles.html
7915	7f7af4f85b553c238e3adc5057abfdaf	9162be84adf5c171a12dc072030312f1	7915-ibiza-villa-rental-discount-week-5-sunset-sea-view-special.html	7915-ibiza-villa-rental-discount-week-5-sunset-sea-view-special-pre-styles.html
7923	6653fe289eec2f899a227400b75f3526	64b45d2c0b7f20dc409a2f7d93b2c9a1	7923-ibiza-villa-rentals-for-a-grand.html	7923-ibiza-villa-rentals-for-a-grand-pre-styles.html
7947	8e33cd229e2dead3c09c7117da92e78b	7e9afe5fd1a2c15d075a5a8083cf7185	7947-ibiza-restaurant-review-cesars-beach-bar.html	7947-ibiza-restaurant-review-cesars-beach-bar-pre-styles.html
7958	e7bf73e8c7c9c09baf87c770252b25ab	3a1a19c6747e11e6ae046ee32920b5c4	7958-ibiza-villa-competition-closed.html	7958-ibiza-villa-competition-closed-pre-styles.html
7970	34500cfec0bd169e360b57561d158ff2	4c5ffb5fab50c807096d9b0e83f775c4	7970-ibiza-spirit-festival-love-guaranteed-for-all.html	7970-ibiza-spirit-festival-love-guaranteed-for-all-pre-styles.html
7992	3f83847ddf425ad19395d2699ad755ae	44f6b85deddd487d8d7d928b01a32d18	7992-ibiza-villa-rental-discount-week-7.html	7992-ibiza-villa-rental-discount-week-7-pre-styles.html
7996	e7cf0a0a6e1f2ecc17a6a2f3d67528e1	9b3557251e275b460a152d899426f4a2	7996-things-to-do-in-ibiza-tenner.html	7996-things-to-do-in-ibiza-tenner-pre-styles.html
8014	4cd5935ab77951a74383c44b57488bea	059bd4b5b1397d432f7541b7a5d57bad	8014-ibiza-villa-rental-discount-week-8.html	8014-ibiza-villa-rental-discount-week-8-pre-styles.html
8028	072b456d4bb8a41661be29c17fcef154	749005fe305ba4f94291d04c2e97c8ee	8028-new-guide-ibiza-restaurants.html	8028-new-guide-ibiza-restaurants-pre-styles.html
8050	a529da06328696d884b7b0818be56e07	be8dd1385f354bfea8482116e413be83	8050-playa-den-bossa-ibiza-rude-cafe-luggage-storage.html	8050-playa-den-bossa-ibiza-rude-cafe-luggage-storage-pre-styles.html
8096	94da564701f6a9085f06a8552e23827d	85f3b1041abe2ea2f116e3d6e273983f	8096-ibiza-restaurant-guide-el-portalon.html	8096-ibiza-restaurant-guide-el-portalon-pre-styles.html
8117	e27ffe386d49e1780a7d71cdd526dd9f	dccfaa2e218e75182a559e5bd5d43965	8117-ibiza-villa-rental-discount-week-9.html	8117-ibiza-villa-rental-discount-week-9-pre-styles.html
8185	6d122c700487bde009b14e7823645054	86eafc4db12c5c0347e0b87e57822e54	8185-ibiza-villa-discount-week-10.html	8185-ibiza-villa-discount-week-10-pre-styles.html
8204	949ed592b7051121ef96b1e56596fc98	708f823aa0446a1e8179d5a13d0ff7c2	8204-ibiza-opening-party-2017-disco-toilets.html	8204-ibiza-opening-party-2017-disco-toilets-pre-styles.html
8237	25e1ee043a07aef67973d901ea4f8523	2b846e3d2aab8f1c45960e65ddf7d9dc	8237-restaurant-guide-cafe-savannah.html	8237-restaurant-guide-cafe-savannah-pre-styles.html
8254	c5868d7f73298836fa217b7b0683e7c1	98d39d406da0bc4a7c96889092476128	8254-ibiza-villa-rental-discount-week-11-august.html	8254-ibiza-villa-rental-discount-week-11-august-pre-styles.html
8276	d822d80356f0a33edaac48662e12b3cf	383b66f87946aae00351f195511837b6	8276-restaurant-guide-tim-sheridan-kumharas.html	8276-restaurant-guide-tim-sheridan-kumharas-pre-styles.html
8288	35f68003fabc9dcabcb50ec3041c8f5a	5fd1e73d31b363fa339ec23c34518f7c	8288-ibiza-villa-rental-discount-week-12.html	8288-ibiza-villa-rental-discount-week-12-pre-styles.html
8326	697db097fb560b8aaaddf1796fe3c2a7	ab71fdc8f87b9048bcf7e0a03aea8c60	8326-dj-uner-live-djmag.html	8326-dj-uner-live-djmag-pre-styles.html
8361	c43db3ccac09b5bc7f46ecda70252458	aba3b79833b0ed6ba33179a671373127	8361-illegal-tourist-rentals-ibiza-huge-new-fines-imposed.html	8361-illegal-tourist-rentals-ibiza-huge-new-fines-imposed-pre-styles.html
8365	4cea0ba7226426bce2c77ba4b6c5b7d3	ae87c12329c21d84a109ae2a6fe482a1	8365-ibiza-weather-extreme.html	8365-ibiza-weather-extreme-pre-styles.html
8377	7d2b689bc4f8755c82171bad264186b7	fe9c420f1f6ad8e63a3aa5f2ce47b35e	8377-ibiza-villa-rental-discount-week-13.html	8377-ibiza-villa-rental-discount-week-13-pre-styles.html
8424	767b7d73b24fc96f0d3e02cc923e6ec3	8cab733506c4d802c24900ae0861670f	8424-2018-ibiza-villa-rental.html	8424-2018-ibiza-villa-rental-pre-styles.html
8460	4567b8d773b18f8af4903e22fcd1bcbe	241f675f4ac7cc335b7144a51c75845c	8460-ibiza-rocks-exclusive.html	8460-ibiza-rocks-exclusive-pre-styles.html
8469	785b789ebb220c3acea8d8e6854ed92b	42d93435027ee145a91fa5d5c01ad95d	8469-rental-discount-week-14.html	8469-rental-discount-week-14-pre-styles.html
8493	39b0f64cbe7b75904c877f9caf804ccb	8a0ce3227cd8f13d83449543d459d1a0	8493-restaurant-guide-palapa-san-antonio.html	8493-restaurant-guide-palapa-san-antonio-pre-styles.html
8503	e166750e8197b7a702f446e064db2d4b	ac81fe8e411e22c8db86b43bfad47fe2	8503-rental-discount-week-15.html	8503-rental-discount-week-15-pre-styles.html
8573	9fee5956aa7e028efdc3067361596f03	3fe49d2b514f721933554b6aa5c4d433	8573-discount-week-16.html	8573-discount-week-16-pre-styles.html
8590	11da2396a56ab5a9f81eab2bcf217aeb	16d51d1fa903fea0477ce62dbc1063d2	8590-alcohol-ban-ibiza-flights.html	8590-alcohol-ban-ibiza-flights-pre-styles.html
8711	d83e4aa02e26431a4d6040b6fed268aa	e10feac74e21b829785efa350dac344a	8711-things-to-do-in-ibiza-summer-2017.html	8711-things-to-do-in-ibiza-summer-2017-pre-styles.html
8716	c3a36a5ebd3ca717ef771792ed657ec0	06039a508f40842b4a408fa2d4ed9fd3	8716-rental-discount-week-19.html	8716-rental-discount-week-19-pre-styles.html
8722	b7d6c714c2ec429e3dc02415e7ccc570	4b4bd4593405264f7325bbf1f2d64272	8722-babylon-beach-ibiza.html	8722-babylon-beach-ibiza-pre-styles.html
8752	4809d232ae02a7dfb20d15ea2456f256	cf559a87799091e2f6a59aa5e7207d3e	8752-discount-week-20.html	8752-discount-week-20-pre-styles.html
8778	987453ad40f4078a405452612c9263e9	16080dd81e5dc4f5843952fb37e50096	8778-pikes-hotel-ibiza-restaurant-guide.html	8778-pikes-hotel-ibiza-restaurant-guide-pre-styles.html
8790	f8d40ef5c25bd1777f8fae50551c3c99	841a8c01e57b0058223e7095bee54f5f	8790-large-villas-to-rent-in-ibiza.html	8790-large-villas-to-rent-in-ibiza-pre-styles.html
8808	3c1b878a69b834663e19c26fb64a23fd	894d7c30b396f13e258491f93c638676	8808-ibiza-stories.html	8808-ibiza-stories-pre-styles.html
8819	231b5aad54b158956d8738fe16c8d1ed	ed9662e6d1dd0fefe530b8a69beecc69	8819-rent-ibiza-villa-plus-flights.html	8819-rent-ibiza-villa-plus-flights-pre-styles.html
8835	97760d75298238f056ba53f03eefad53	2fe861a2345a0a5add9524988d9da2ff	8835-rent-ibiza-villas-humongous-savings.html	8835-rent-ibiza-villas-humongous-savings-pre-styles.html
8847	31eef3ac4c7616015a75522dacec023f	3ba61cd688ca8ac999cd1153237bcf90	8847-restaurant-guide-2017-boutique-hostal-salinas.html	8847-restaurant-guide-2017-boutique-hostal-salinas-pre-styles.html
8885	f382745332e194b959d6f1a6b6a1eb61	eacc926d853e963e372b0c10027c4e03	8885-restaurant-guide-cala-gracioneta-chiringuito.html	8885-restaurant-guide-cala-gracioneta-chiringuito-pre-styles.html
8899	91dca7296f4725381cd5b3f640727580	73825537aac27ec44cec6acf47db032b	8899-record-breaking-year-ibiza-2017-summer-season.html	8899-record-breaking-year-ibiza-2017-summer-season-pre-styles.html
9332	9e83aa94a523b0878553f527fc6120a8	4ccc97c67c0b029f4c38b9770fa76fb2	9332-february-in-ibiza-2018.html	9332-february-in-ibiza-2018-pre-styles.html
9465	32d0916409b7fd1ef45b379e87659490	8a1fe1b47d7f8af223672fbf7c1ad95d	9465-rent-a-cheap-ibiza-villa-2018.html	9465-rent-a-cheap-ibiza-villa-2018-pre-styles.html
9500	0c296095c1119e36e50707fd707a02aa	f099dca1a1e2ebb94421188026c2efdb	9500-march-in-ibiza.html	9500-march-in-ibiza-pre-styles.html
9855	aae48065242bb18a7a33b65ddf50c130	6f37eedcc7f372420f13047d921d640c	9855-ibiza-in-april.html	9855-ibiza-in-april-pre-styles.html
9922	76e697f3b46e30dabd7709385c59c99b	111ff4288b246f1ac51135466c9a288f	9922-villa-rental-offers-for-may-june-2018.html	9922-villa-rental-offers-for-may-june-2018-pre-styles.html
9964	4a4972ed9a1b18367bcee277aae55e2c	7eb11bde72a1f0aa6e6b741c1082556f	9964-ibiza-in-may.html	9964-ibiza-in-may-pre-styles.html
10122	3d0d1a2de6b2c7d0faab19bcae336f4a	bbc43e79b3b3bfd70be338ed16858526	10122-cheap-ibiza-holidays-short-breaks.html	10122-cheap-ibiza-holidays-short-breaks-pre-styles.html
10154	cad35734242a4d96a10c1e93141057d4	ea35000f693f908f10ee5d702dde3216	10154-ibiza-rental-villas-discount.html	10154-ibiza-rental-villas-discount-pre-styles.html
10209	e6511443597b79fbd812bf88b9577aa8	36a7835dffe1993e65e9aa8b4a5b23dd	10209-ibiza-summer-villa-discounts.html	10209-ibiza-summer-villa-discounts-pre-styles.html
10222	64becff3c13af997dad91c13810b4fff	4a118e918f2ce51be3bb7559fe321d46	10222-ibiza-in-june.html	10222-ibiza-in-june-pre-styles.html
10308	e8d5763f50816e3a78c8797e91585e8b	a5a373c1430e31a7be5d64a5ed5ac07e	10308-renting-a-villa-in-ibiza.html	10308-renting-a-villa-in-ibiza-pre-styles.html
10345	6b9d31a39c721c0d5f90fea1a33125cf	3f80f169ba9157eeb3c704c31bd5180e	10345-ibiza-in-july.html	10345-ibiza-in-july-pre-styles.html
10404	033cbe023de2cdae62a921fe09e97881	6bfa32bb61645f495ae54546c143a8ae	10404-ibiza-villa-holidays-monster-savings.html	10404-ibiza-villa-holidays-monster-savings-pre-styles.html
10453	0cd3cb91ac2911c70278530137603312	4a6e5b5bf7baef41ee37694e8fa33084	10453-ibiza-villa-discounts.html	10453-ibiza-villa-discounts-pre-styles.html
10514	fa43030a9ae308da51286a496a428d6b	4219380397342cb90a1d9601528ec61a	10514-ibiza-in-august-guide.html	10514-ibiza-in-august-guide-pre-styles.html
10547	a42eb6b07b47e7978958789e889e2a4a	9c0bbe9bd6597b15bb2db9eb0eeb2213	10547-2019-ibiza-villa-rentals.html	10547-2019-ibiza-villa-rentals-pre-styles.html
10669	88fd0a73f86a7d78c8a2003f1d46a84a	8f28dad8f2019b92f8dfa7b7c50bcdf8	10669-ibiza-september-guide.html	10669-ibiza-september-guide-pre-styles.html
10696	2728311112fbc29729d4930202a46d80	dc9d41d74d713a44fd1e9acabc1e0c77	10696-amazing-special-offers-in-ibiza.html	10696-amazing-special-offers-in-ibiza-pre-styles.html
10779	bdcac5f519cd674e0fe0296422d1983f	c8e03d942f11ebbe8b381006527be562	10779-new-ibiza-villa-rentals-for-2019.html	10779-new-ibiza-villa-rentals-for-2019-pre-styles.html
10796	ddf99e1e4788d00c2d0d2308a8a1bb67	284eb1bb3369ef4761ee68b341818146	10796-ibiza-october-guide-weather-insiders-info-special-events-and-amazing-special-offers.html	10796-ibiza-october-guide-weather-insiders-info-special-events-and-amazing-special-offers-pre-styles.html
11029	4ec00b5ba4c98903182d4d7f6b8a71aa	a707481da9d08904218eb9a4a5234dc8	11029-new-ibiza-villa-rentals-for-summer-2019.html	11029-new-ibiza-villa-rentals-for-summer-2019-pre-styles.html
11118	84f2489c02b6b5da316e30e9d1d4f314	1f0a4bad5815240f531d781ed5ccf1a1	11118-best-value-ibiza-villas.html	11118-best-value-ibiza-villas-pre-styles.html
11537	e3bb644fe5dfb910a68c1c8d27ffe4a2	bf3821ed1e2783170d5e4e7fc4724a05	11537-freds-finca-hostal-yoga-retreat.html	11537-freds-finca-hostal-yoga-retreat-pre-styles.html
11799	be4674477a2ab064c2680d2f6c7b8dda	3ed8f0319aea37262c2f9e18e462d271	11799-discounted-ibiza-villas.html	11799-discounted-ibiza-villas-pre-styles.html
12577	34bf1fec162c059e73a6ebeb0f9bfa48	b21507cd9e37038fc1ac10e114055bbd	12577-amazing-ibiza-villa-with-sea-views.html	12577-amazing-ibiza-villa-with-sea-views-pre-styles.html
12700	2b98db94a74f780b076bc240e6c63261	485d3d2299fa6f5df9c5ddcde8d49dbe	12700-ibiza-villas-corona-virus.html	12700-ibiza-villas-corona-virus.html
13197	8396e024a708c84a4fde81b5f35d8802	b8d650dba1c181553e2673223d72b076	13197-winter-in-ibiza.html	13197-winter-in-ibiza.html
13215	ded4f03a9d41e014e76f5edcea3b5724	92ae23b020c5e0385f7f24abe99c681a	13215-work-from-ibiza.html	13215-work-from-ibiza.html
13252	910ee0044e917b6a28f97f01e3143872	a31fb76ea8192fe8ce415dcf1f31c319	13252-six-things-to-do-in-ibiza-2021.html	13252-six-things-to-do-in-ibiza-2021.html
14547	44d7cf2ea4cdd1a321b6ca253d8159a9	f509755905b6df1163cacdbf15bc3a7d	14547-528-ibiza.html	14547-528-ibiza.html
15393	e76943d86472b7e64e29115e1c1882f9	82fe488ae91b2367809cde3759e299d1	15393-new-ibiza-hotel-san-antonio.html	15393-new-ibiza-hotel-san-antonio.html
16559	9e81b6e75787be64dfe9078fab332845	93db2eae7ca7b2a6149cf6811cd79c9e	16559-the-best-private-boat-rental-in-ibiza-find-your-perfect-maritime-itinerary-in-the-mediterranean.html	16559-the-best-private-boat-rental-in-ibiza-find-your-perfect-maritime-itinerary-in-the-mediterranean-pre-styles.html
16607	3857593b7e3d16a8988066dabf7561a4	378409b0987a0e0bb300b218a04a8d38	16607-september-and-october-holiday-discounts.html	16607-september-and-october-holiday-discounts-pre-styles.html
16624	cfa18f16408e5f9fe80d0931a0dd2d26	037f39c1a19ae12c41287b9658a6f280	16624-closing-parties-in-ibiza-2022.html	16624-closing-parties-in-ibiza-2022-pre-styles.html
16680	f1445921612478e2ef62b9688435dbd1	7ef5bcf496f2f363a5f3a17dfb31f407	16680-new-year-event-in-ibiza-2022-2023.html	16680-new-year-event-in-ibiza-2022-2023-pre-styles.html
16891	1d5e8817bcc991571d9c248a1cf876fb	abd98ac0b784d769428fa3dcc97e0080	16891-ibiza-in-february-2023.html	16891-ibiza-in-february-2023-pre-styles.html
17080	a00563b1edca02f77d330a3478d5eaeb	a0e764ef4aff5a5186b614be0cfbbdeb	17080-reasons-why-ibiza-should-be-your-ultimate-travel-destination.html	17080-reasons-why-ibiza-should-be-your-ultimate-travel-destination-pre-styles.html
17211	e2be5436722c42b62cd2f19d8ad65ec1	cc9356ca8825aa7aeaf857c28325afca	17211-top-15-sunset-spots-in-ibiza.html	17211-top-15-sunset-spots-in-ibiza-pre-styles.html
17225	af9b2369458a96f0358965a40bddd9d4	7c7d7f1e12e5c4af763db8523eb5d858	17225-discover-san-antonio.html	17225-discover-san-antonio-pre-styles.html
17298	ae8e704fbd8d57da2701b57423daea81	c40c8ac141f3ca0c96f16418b3db5da9	17298-ibiza-in-september-a-comprehensive-guide-to-the-autumn-magic.html	17298-ibiza-in-september-a-comprehensive-guide-to-the-autumn-magic-pre-styles.html
17470	204803358c76f31ee56dc9630de7b9d8	ff2427e1ab8c18b82e051f4cb528d878	17470-new-villa-alert-casa-peppe.html	17470-new-villa-alert-casa-peppe.html
17508	d6b6ad64beebcd01c67fb6e0dd0ccd52	143e65cfe5d2ee24a6b470789ea46bf5	17508-unforgettable-romance-awaits-design-your-dream-ibiza-getaway.html	17508-unforgettable-romance-awaits-design-your-dream-ibiza-getaway-pre-styles.html
17565	097257c95821577ca13cf1d2edfc1fc3	7e7aecda4f3bcc1dd0c2adf161b9d2e7	17565-discover-ibiza-in-april.html	17565-discover-ibiza-in-april-pre-styles.html
17634	20372c5c8a5ccac95cd37195ff5e5583	926b933a2523710395c64b6ab33ded12	17634-exploring-the-pristine-beaches-of-formentera.html	17634-exploring-the-pristine-beaches-of-formentera-pre-styles.html
17850	65c99bbe36266e676979774b88442acc	fa3e63105d118c2e2cba7979e1ed6fba	17850-villa-rental-offers-for-july-2024.html	17850-villa-rental-offers-for-july-2024-pre-styles.html
17929	785712e292509f2155fc57723a2326e7	feadc751c226a88cb848a90ee58e67a9	17929-ibiza-weather-current-conditions-10-day-outlook-more.html	17929-ibiza-weather-current-conditions-10-day-outlook-more-pre-styles.html
18022	24ac2bf9c00246a0994d01d81eb8ef6b	e6af417e7e5cf3ca3680705d5fbec79a	18022-why-booking-early-for-your-2025-ibiza-holiday-is-a-smart-move.html	18022-why-booking-early-for-your-2025-ibiza-holiday-is-a-smart-move-pre-styles.html
18057	d0d0972ee5f227af432ffead29394761	bb67bde8386b01787540479a1ebf7960	18057-ibiza-spain-villa-rentals-the-ultimate-holiday-guide.html	18057-ibiza-spain-villa-rentals-the-ultimate-holiday-guide-pre-styles.html
18232	323dfd8576a2eaa902f54e91feb5b481	75cd5cb233254865dff8243536cd5869	18232-ibiza-taxi-travel-tips.html	18232-ibiza-taxi-travel-tips.html
18264	1201f72fad21d901a06a40647f14de62	6639f0d0d69f7248363c78f3437ed4c0	18264-a-villa-with-private-pool-in-ibiza-your-dream-getaway.html	18264-a-villa-with-private-pool-in-ibiza-your-dream-getaway-pre-styles.html
18309	f553eb973760b4b7fe61af20d1cb18ba	980c90e200920751d80863a2adb9b980	18309-ibiza-on-a-budget-places-to-drink-in-san-antonio.html	18309-ibiza-on-a-budget-places-to-drink-in-san-antonio-pre-styles.html
18373	9a46c5f79b12493d0cc573883dfafd4d	27817f821c700c1dd3e145b39b7b32b3	18373-exploring-the-hidden-gems-of-es-cana-ibiza.html	18373-exploring-the-hidden-gems-of-es-cana-ibiza-pre-styles.html
18486	5b092b17143401952cca09724f02f94d	7b3ba690320f34d4ee225c134d172292	18486-your-ultimate-ibiza-summer-guide.html	18486-your-ultimate-ibiza-summer-guide-pre-styles.html
18500	f808a073a7446d616aa027e26abd240c	ee674217fa29d312e79949450c4ea1bb	18500-discover-ibizas-secret-treasures-a-journey-beyond-the-obvious.html	18500-discover-ibizas-secret-treasures-a-journey-beyond-the-obvious-pre-styles.html
18512	e1007d3922bebd7a57c852c3cbd62b37	a0d9ae2ea4d0b57122fbcb47ccf07972	18512-ibizas-game-changing-new-club-unvrs-set-to-redefine-nightlife.html	18512-ibizas-game-changing-new-club-unvrs-set-to-redefine-nightlife-pre-styles.html
